sample_id;prediction
131672_1767670500;74.06947034815295
131672_1767670800;76.04276658920033
131672_1767671100;149.1063575229316
131672_1767671400;138.07252391844602
134040_1767672000;9.526953601096794
134040_1767672300;77.01411801891575
134040_1767672600;80.75767410915995
134040_1767672900;115.67340963401143
134040_1767673200;133.88830588740552
134040_1767673500;118.11782732236792
122048_1767673800;54.349349962046816
122048_1767674100;39.2235868706003
122048_1767674400;1.3891512315875367
122048_1767674700;-22.859839701546214
122048_1767675000;-16.308386597670527
122048_1767675300;-46.701750489905564
131672_1767675600;-15.456441091948157
131672_1767675900;-37.786981460389754
131672_1767676200;3.0357029407762646
131672_1767676500;-21.047260581300435
131672_1767676800;-39.41450960820278
131672_1767677100;-27.36413080536721
122658_1767679500;34.55499503655344
122658_1767679800;67.36436783357888
122658_1767680100;128.2048236085571
122658_1767680400;50.37264568958052
122658_1767680700;177.23246140459608
134040_1767684600;10.758699949611298
130238_1767684600;31.72748237377659
130238_1767684900;22.028472748238535
134040_1767684900;62.74983821167211
134040_1767685200;109.6426598962509
130238_1767685200;19.09095578778907
134040_1767685500;117.14661252459234
130238_1767685500;41.698986475324475
134040_1767685800;91.97228954572644
130238_1767685800;87.77621116579304
130238_1767686100;57.019775019236704
134040_1767686100;97.49280474226634
122658_1767686400;-5.877553420980636
122658_1767686700;25.342162798985953
122658_1767687000;0.478555384939213
122658_1767687300;32.48500786713187
122658_1767687600;43.7663279728082
122658_1767687900;37.0567797539754
122613_1767690000;53.423817605492275
122613_1767690300;59.68193000115442
122613_1767690600;68.27053789506101
122613_1767690900;71.71759562899072
122613_1767691200;48.565742540689264
122613_1767691500;56.42890590914868
122048_1767695400;-138.06908129604935
122048_1767695700;-47.88413004797445
122048_1767696000;-74.93571935908255
122048_1767696300;-61.652030690039496
122048_1767696600;9.926820110775987
122048_1767696900;-90.48211017119102
133300_1767699000;10.949364476173637
122048_1767699000;-176.24239951998754
133300_1767699300;4.475080448532271
122048_1767699300;-230.0423104540907
122048_1767699600;-269.5340618925814
133300_1767699600;64.05003996821657
122048_1767699900;-232.5271079822889
133300_1767699900;45.48777008483809
122048_1767700200;-134.67355825258252
133300_1767700200;55.17889563470685
122048_1767700500;174.98939439175237
133300_1767700500;89.63696723968675
133957_1767700800;10.158887064335715
133957_1767701100;76.5103395621257
133957_1767701400;92.55273543493011
133957_1767701700;68.4251082546466
133957_1767702000;52.89598187967509
133957_1767702300;96.10340395688915
129964_1767702600;6.415198633873594
129964_1767702900;-56.24583741488077
129964_1767703200;-22.197371668369627
129964_1767703500;-49.57802293777155
129964_1767704100;-125.31803095299651
122658_1767706200;13.470557800800385
122658_1767706500;2.2386586396673103
122658_1767706800;5.014425393044995
122658_1767707100;3.231939371576008
122658_1767707400;1.669306378874829
131672_1767709800;81.6202115798036
122048_1767709800;-29.43279598173371
131672_1767710100;-42.792264654526704
122048_1767710100;-6.783957551853945
131672_1767710400;-68.22435648213241
122048_1767710400;32.96035278009212
122048_1767710700;-52.31344435158107
131672_1767710700;-36.17392872449357
131672_1767711000;-94.9519196576968
122048_1767711000;34.443934619948266
122048_1767711300;-19.892881597584605
131672_1767711300;-90.4042507268437
132430_1767713400;271.22528544747973
133300_1767713400;-15.947266539034857
132430_1767713700;313.12075667565847
133300_1767713700;12.268491536562141
133300_1767714000;-25.957700599743553
132430_1767714000;295.7296659004162
132430_1767714300;202.28488134623476
133300_1767714600;-45.45908227436418
132430_1767714600;335.1885411118218
132430_1767714900;312.74278500842496
133300_1767714900;-7.242980250299766
122048_1767717000;-3.11987108005367
122048_1767717300;-15.250220869889965
122048_1767717600;-14.702096837263966
122613_1767718800;98.72434423111719
132430_1767720000;40.441448389906725
132430_1767720300;57.30480515664411
131672_1767722400;43.50577708614845
131672_1767722700;110.09694482734439
131672_1767723000;179.47928780346768
131672_1767723300;230.8318655002208
131672_1767723600;198.16252877427573
131672_1767723900;288.79782309958216
133957_1767724200;261.7243169379485
132430_1767727800;263.0665862664964
132430_1767728100;334.461765746458
132430_1767728400;192.8306622391134
132430_1767728700;265.63720456423835
132430_1767729000;118.44219966513297
132430_1767729300;96.10810630977582
122048_1767731400;2.7962287818901608
122048_1767731700;19.90021015057571
122048_1767732000;13.998068563065178
122048_1767732300;34.10133311872188
122048_1767732600;-5.803157398119087
122048_1767732900;33.87686502277633
134040_1767733200;337.8664752578027
134040_1767733500;288.82029783426964
134040_1767733800;391.7239626809607
134040_1767734100;440.0692807921845
134040_1767734400;408.3317561674469
134040_1767734700;396.24504781673494
130072_1767736800;-9.307255631662677
130072_1767737100;-10.355436342796999
130072_1767737400;-28.30355547431592
130072_1767737700;-21.067584929374696
130072_1767738000;-23.92241186508531
130072_1767738300;-2.1905214718659423
130072_1767742200;19.33217877393263
130072_1767742500;7.605713312903269
130072_1767742800;11.776431499883174
130072_1767743100;10.224359434442928
130072_1767743400;12.287650374627086
130072_1767743700;-0.17414614866539324
